[
 {
  "hid":1,
  "sid":"Approximate_id_46f54147700b843c92a4e9dfa9c6267fbdad2df7",
  "esid":"",
  "parent":0,
  "children":[
   2
  ],
  "name":"Approximate_id_46f54147700b843c92a4e9dfa9c6267fbdad2df7",
  "fullname":"Approximate_id_46f54147700b843c92a4e9dfa9c6267fbdad2df7",
  "label":"Approximate_id_46f54147700b843c92a4e9dfa9c6267fbdad2df7",
  "icon":"Approximate_id_46f54147700b843c92a4e9dfa9c6267fbdad2df70",
  "svg":"support/slwebview_files/Approximate_id_46f54147700b843c92a4e9dfa9c6267fbdad2df7_d.svg",
  "thumbnail":"support/slwebview_files/Approximate_id_46f54147700b843c92a4e9dfa9c6267fbdad2df7_d.png",
  "backingUrl":"support/slwebview_files/Approximate_id_46f54147700b843c92a4e9dfa9c6267fbdad2df7_d.json",
  "elements":[
   ":2",
   ":1",
   ":8",
   ":1#out:1",
   ":2#out:1"
  ],
  "sameAsElement":false
 },
 {
  "hid":2,
  "sid":"Approximate_id_46f54147700b843c92a4e9dfa9c6267fbdad2df7:2",
  "esid":"Approximate_id_46f54147700b843c92a4e9dfa9c6267fbdad2df7:2",
  "parent":1,
  "children":[
  ],
  "name":"Source",
  "fullname":"Approximate_id_46f54147700b843c92a4e9dfa9c6267fbdad2df7/Source",
  "label":"Source",
  "icon":"Approximate_id_46f54147700b843c92a4e9dfa9c6267fbdad2df71",
  "svg":"support/slwebview_files/Approximate_id_46f54147700b843c92a4e9dfa9c6267fbdad2df7_2_d.svg",
  "thumbnail":"support/slwebview_files/Approximate_id_46f54147700b843c92a4e9dfa9c6267fbdad2df7_2_d.png",
  "backingUrl":"support/slwebview_files/Approximate_id_46f54147700b843c92a4e9dfa9c6267fbdad2df7_2_d.json",
  "elements":[
   ":5",
   ":4",
   ":6",
   ":3",
   ":7",
   ":6#out:1",
   ":4#out:1",
   ":3#out:1",
   ":5#out:1"
  ],
  "sameAsElement":true
 }
]