{
 "baseUrl":"support/slwebview_files",
 "homeHid":1,
 "initialElement":"",
 "sections":[
  {
   "hid":1,
   "sid":"Approximate_id_46f54147700b843c92a4e9dfa9c6267fbdad2df7",
   "name":"Approximate_id_46f54147700b843c92a4e9dfa9c6267fbdad2df7",
   "fullname":"Approximate_id_46f54147700b843c92a4e9dfa9c6267fbdad2df7",
   "label":"Approximate_id_46f54147700b843c92a4e9dfa9c6267fbdad2df7*",
   "parent":0,
   "descendants":[
    2
   ],
   "hierarchyUrl":"support/slwebview_files/Approximate_id_46f54147700b843c92a4e9dfa9c6267fbdad2df7_h_1.json",
   "backingUrl":"support/slwebview_files/Approximate_id_46f54147700b843c92a4e9dfa9c6267fbdad2df7_m.json"
  }
 ],
 "optViews":[
 ],
 "display":{
  "informer":false
 },
 "iconsUrl":"support/slwebview_files/Approximate_id_46f54147700b843c92a4e9dfa9c6267fbdad2df7_icons.css"
}